{
  "regime": "natural",
  "n": 240,
  "n_clusters": 4,
  "ari_fingerprint": {
    "point": 1.0,
    "lo": 1.0,
    "hi": 1.0,
    "n_boot": 1000
  },
  "ari_vep_scalar": {
    "point": 0.3037789457468376,
    "lo": 0.23006232611451677,
    "hi": 0.40578154105509423,
    "n_boot": 1000
  },
  "ari_raw_delta": {
    "point": 0.23187561468877138,
    "lo": 0.20398797989926234,
    "hi": 0.2806605697693187,
    "n_boot": 1000
  },
  "ari_fingerprint_unscaled": {
    "point": 0.4576496283380747,
    "lo": 0.4152319424220229,
    "hi": 0.5177419590249048,
    "n_boot": 1000
  },
  "diff_vs_vep": {
    "point": 0.6962210542531624,
    "lo": 0.5942184589449058,
    "hi": 0.7699376738854832,
    "n_boot": 1000
  },
  "diff_vs_raw": {
    "point": 0.7681243853112286,
    "lo": 0.7193394302306813,
    "hi": 0.7960120201007376,
    "n_boot": 1000
  },
  "claim_upheld": true,
  "mad_helps": true
}
