{
  "regime": "matched",
  "n": 240,
  "n_clusters": 4,
  "ari_fingerprint": {
    "point": 0.6262927519691894,
    "lo": 0.5793289337885971,
    "hi": 0.685963754799187,
    "n_boot": 1000
  },
  "ari_vep_scalar": {
    "point": 0.059971666867899974,
    "lo": 0.034549447597787906,
    "hi": 0.11328829156362634,
    "n_boot": 1000
  },
  "ari_raw_delta": {
    "point": 0.2921936613380892,
    "lo": 0.2380659088743472,
    "hi": 0.36371211432872574,
    "n_boot": 1000
  },
  "ari_fingerprint_unscaled": {
    "point": 0.45655867081182383,
    "lo": 0.426249970802941,
    "hi": 0.5062989654627742,
    "n_boot": 1000
  },
  "diff_vs_vep": {
    "point": 0.5663210851012894,
    "lo": 0.48630626421507395,
    "hi": 0.6330657197729676,
    "n_boot": 1000
  },
  "diff_vs_raw": {
    "point": 0.3340990906311002,
    "lo": 0.2565876402821064,
    "hi": 0.39803606573419714,
    "n_boot": 1000
  },
  "claim_upheld": true,
  "mad_helps": true
}
