{
  "env": {
    "genomorph": "0.1.0a1",
    "python": "3.12.3",
    "platform": "Linux-6.6.87.2-microsoft-standard-WSL2-x86_64-with-glibc2.39",
    "numpy": "2.4.6",
    "scipy": "1.17.1",
    "scikit_learn": "1.8.0",
    "POT": "0.9.6.post1"
  },
  "config": {
    "seeds": [
      0,
      1,
      2,
      3,
      4
    ],
    "n_per_mechanism": 60,
    "n_boot": 1000,
    "n_clusters": 4
  },
  "synthetic": {
    "matched": {
      "regime": "matched",
      "seeds": [
        0,
        1,
        2,
        3,
        4
      ],
      "n_per_seed": 240,
      "ari_fingerprint": {
        "mean": 0.5684901034819663,
        "min": 0.5241534896679192,
        "max": 0.6368020049778282,
        "per_seed": [
          0.6368,
          0.5476,
          0.5375,
          0.5965,
          0.5242
        ]
      },
      "ari_vep_scalar": {
        "mean": 0.02088101036215367,
        "min": 0.015811038027683706,
        "max": 0.03178258579802368,
        "per_seed": [
          0.0159,
          0.0318,
          0.0158,
          0.0215,
          0.0193
        ]
      },
      "ari_raw_delta": {
        "mean": 0.4029523442463715,
        "min": 0.29725374614872063,
        "max": 0.5388126944377956,
        "per_seed": [
          0.2973,
          0.5388,
          0.4186,
          0.4237,
          0.3365
        ]
      },
      "diff_vs_vep_point": {
        "mean": 0.5476090931198125,
        "min": 0.5048243227570813,
        "max": 0.6208535728284963
      },
      "claim_upheld_all_seeds": true,
      "mad_helps_all_seeds": true
    },
    "natural": {
      "regime": "natural",
      "seeds": [
        0,
        1,
        2,
        3,
        4
      ],
      "n_per_seed": 240,
      "ari_fingerprint": {
        "mean": 0.9540919125909235,
        "min": 0.9344110876233369,
        "max": 0.9888419452780216,
        "per_seed": [
          0.9888,
          0.9559,
          0.9562,
          0.9344,
          0.935
        ]
      },
      "ari_vep_scalar": {
        "mean": 0.22746212015310568,
        "min": 0.2046386609470587,
        "max": 0.2574439798788632,
        "per_seed": [
          0.2264,
          0.239,
          0.2046,
          0.2098,
          0.2574
        ]
      },
      "ari_raw_delta": {
        "mean": 0.3958604868303892,
        "min": 0.2725237046055804,
        "max": 0.5024887152335116,
        "per_seed": [
          0.3217,
          0.5025,
          0.4429,
          0.2725,
          0.4397
        ]
      },
      "diff_vs_vep_point": {
        "mean": 0.7266297924378179,
        "min": 0.6775767602696152,
        "max": 0.7624852284338327
      },
      "claim_upheld_all_seeds": true,
      "mad_helps_all_seeds": true
    }
  },
  "synthetic_single_seed0": {
    "matched": {
      "regime": "matched",
      "n": 240,
      "n_clusters": 4,
      "ari_fingerprint": {
        "point": 0.6368020049778282,
        "lo": 0.5894181510570307,
        "hi": 0.6947204521541582,
        "n_boot": 1000
      },
      "ari_vep_scalar": {
        "point": 0.0159484321493319,
        "lo": 0.006893894363060219,
        "hi": 0.0575167289998896,
        "n_boot": 1000
      },
      "ari_raw_delta": {
        "point": 0.29725374614872063,
        "lo": 0.2430802807248287,
        "hi": 0.3740456335483558,
        "n_boot": 1000
      },
      "ari_fingerprint_unscaled": {
        "point": 0.3975557867482575,
        "lo": 0.3683845530341676,
        "hi": 0.4308784593861324,
        "n_boot": 1000
      },
      "diff_vs_vep": {
        "point": 0.6208535728284963,
        "lo": 0.5497863792944475,
        "hi": 0.6761635389728854,
        "n_boot": 1000
      },
      "diff_vs_raw": {
        "point": 0.3395482588291076,
        "lo": 0.2619433895623483,
        "hi": 0.4011120562267606,
        "n_boot": 1000
      },
      "claim_upheld": true,
      "mad_helps": true
    },
    "natural": {
      "regime": "natural",
      "n": 240,
      "n_clusters": 4,
      "ari_fingerprint": {
        "point": 0.9888419452780216,
        "lo": 0.9570145746806854,
        "hi": 1.0,
        "n_boot": 1000
      },
      "ari_vep_scalar": {
        "point": 0.22635671684418887,
        "lo": 0.15703685418241972,
        "hi": 0.3166415876016144,
        "n_boot": 1000
      },
      "ari_raw_delta": {
        "point": 0.321745179631259,
        "lo": 0.26897755636385107,
        "hi": 0.3969786982775722,
        "n_boot": 1000
      },
      "ari_fingerprint_unscaled": {
        "point": 0.36610328934373754,
        "lo": 0.345386188562041,
        "hi": 0.41466275410785536,
        "n_boot": 1000
      },
      "diff_vs_vep": {
        "point": 0.7624852284338327,
        "lo": 0.6644045259793688,
        "hi": 0.8349775634034902,
        "n_boot": 1000
      },
      "diff_vs_raw": {
        "point": 0.6670967656467626,
        "lo": 0.5882695288403504,
        "hi": 0.7199448371677144,
        "n_boot": 1000
      },
      "claim_upheld": true,
      "mad_helps": true
    }
  },
  "real_smoke": {
    "backend": "mock",
    "backend_is_real": false,
    "n_variants": 167,
    "mechanisms": [
      "expression",
      "splicing"
    ],
    "modalities": [
      "RNA",
      "DNASE",
      "H3K27ac"
    ],
    "ari_fingerprint": {
      "point": 0.012932920773952581,
      "lo": -0.0058843285591459555,
      "hi": 0.07316227736456814,
      "n_boot": 1000
    },
    "ari_vep_scalar": {
      "point": -0.004347657433486038,
      "lo": -0.007740603412801424,
      "hi": 0.03285126780715314,
      "n_boot": 1000
    },
    "diff_vs_vep": {
      "point": 0.01728057820743862,
      "lo": -0.026592674218366266,
      "hi": 0.07282599782553659,
      "n_boot": 1000
    },
    "claim_upheld": false,
    "note": "WIRING SMOKE ONLY (mock backend has no biology; ARI is meaningless)"
  },
  "claim": {
    "headline_regime": "matched",
    "ari_fingerprint_mean": 0.5684901034819663,
    "ari_vep_scalar_mean": 0.02088101036215367,
    "ari_raw_delta_mean": 0.4029523442463715,
    "diff_vs_vep_seed0_ci": {
      "point": 0.6208535728284963,
      "lo": 0.5497863792944475,
      "hi": 0.6761635389728854,
      "n_boot": 1000
    },
    "upheld_all_seeds": true,
    "mad_helps_all_seeds": true
  }
}
